time;x;y;z;w;velocidad;voltaje
16:22:12:845;0;0;0;0;DF;ADFBDFCDFDEF
16:22:12:944;0;0;0;0;DF;ADFBDFCDFDEF
16:22:13:044;0;0;0;0;DF;ADFBDFCDFDEF
16:22:13:144;0;0;0;0;DF;ADFBDFCDFDEF
16:22:13:244;0;0;0;0;DF;ADFBDFCDFDEF
16:22:13:344;0;0;0;0;DF;ADFBDFCDFDEF
16:22:13:444;0;0;0;0;DF;ADFBDFCDFDEF
16:22:13:542;0;0;0;0;DF;ADFBDFCDFDEF
16:22:13:554;0;0;0;0;DF;ADFBDFCDFDEF
16:22:13:564;0;0;0;0;DF;ADFBDFCDFDEF
16:22:13:583;0;0;0;0;DF;ADFBDFCDFDEF
16:22:13:584;0;0;0;0;DF;ADFBDFCDFDEF
16:22:13:594;0;0;0;0;DF;ADFBDFCDFDEF
16:22:13:604;0;0;0;0;DF;ADFBDFCDFDEF
16:22:13:644;0;0;0;0;DF;ADFBDFCDFDEF
16:22:13:614;0;0;0;0;DF;ADFBDFCDFDEF
16:22:13:624;0;0;0;0;DF;ADFBDFCDFDEF
16:22:13:634;0;0;0;0;DF;ADFBDFCDFDEF
16:22:13:654;0;0;0;0;DF;ADFBDFCDFDEF
16:22:13:664;0;0;0;0;DF;ADFBDFCDFDEF
16:22:13:674;0;0;0;0;DF;ADFBDFCDFDEF
16:22:13:684;0;0;0;0;DF;ADFBDFCDFDEF
16:22:13:694;0;0;0;0;DF;ADFBDFCDFDEF
16:22:13:704;0;0;0;0;DF;ADFBDFCDFDEF
16:22:13:714;0;0;0;0;DF;ADFBDFCDFDEF
16:22:13:724;0;0;0;0;DF;ADFBDFCDFDEF
16:22:13:734;0;0;0;0;DF;ADFBDFCDFDEF
16:22:13:744;0;0;0;0;DF;ADFBDFCDFDEF
16:22:13:754;0;0;0;0;DF;ADFBDFCDFDEF
16:22:13:764;0;0;0;0;DF;ADFBDFCDFDEF
16:22:13:774;0;0;0;0;DF;ADFBDFCDFDEF
16:22:13:784;0;0;0;0;DF;ADFBDFCDFDEF
16:22:13:794;0;0;0;0;DF;ADFBDFCDFDEF
16:22:13:804;0;0;0;0;DF;ADFBDFCDFDEF
16:22:13:814;0;0;0;0;DF;ADFBDFCDFDEF
16:22:13:824;0;0;0;0;DF;ADFBDFCDFDEF
16:22:13:834;0;0;0;0;DF;ADFBDFCDFDEF
16:22:13:844;0;0;0;0;DF;ADFBDFCDFDEF
16:22:13:854;0;0;0;0;DF;ADFBDFCDFDEF
16:22:13:864;0;0;0;0;DF;ADFBDFCDFDEF
16:22:13:874;0;0;0;0;DF;ADFBDFCDFDEF
16:22:13:884;0;0;0;0;DF;ADFBDFCDFDEF
16:22:13:894;0;0;0;0;DF;ADFBDFCDFDEF
16:22:13:904;0;0;0;0;DF;ADFBDFCDFDEF
16:22:13:914;0;0;0;0;DF;ADFBDFCDFDEF
16:22:13:924;0;0;0;0;DF;ADFBDFCDFDEF
16:22:13:934;0;0;0;0;DF;ADFBDFCDFDEF
16:22:13:944;0;0;0;0;DF;ADFBDFCDFDEF
16:22:13:954;0;0;0;0;DF;ADFBDFCDFDEF
16:22:13:964;0;0;0;0;DF;ADFBDFCDFDEF
16:22:13:974;0;0;0;0;DF;ADFBDFCDFDEF
16:22:13:992;0;0;0;0;DF;ADFBDFCDFDEF
16:22:13:994;0;0;0;0;DF;ADFBDFCDFDEF
16:22:14:004;0;0;0;0;DF;ADFBDFCDFDEF
16:22:14:014;0;0;0;0;DF;ADFBDFCDFDEF
16:22:14:024;0;0;0;0;DF;ADFBDFCDFDEF
16:22:14:034;0;0;0;0;DF;ADFBDFCDFDEF
16:22:14:044;0;0;0;0;DF;ADFBDFCDFDEF
16:22:14:054;0;0;0;0;DF;ADFBDFCDFDEF
16:22:14:064;0;0;0;0;DF;ADFBDFCDFDEF
16:22:14:074;0;0;0;0;DF;ADFBDFCDFDEF
16:22:14:094;0;0;0;0;DF;ADFBDFCDFDEF
16:22:14:094;0;0;0;0;DF;ADFBDFCDFDEF
16:22:14:104;0;0;0;0;DF;ADFBDFCDFDEF
16:22:14:114;0;0;0;0;DF;ADFBDFCDFDEF
16:22:14:124;0;0;0;0;DF;ADFBDFCDFDEF
16:22:14:134;0;0;0;0;DF;ADFBDFCDFDEF
16:22:14:144;0;0;0;0;DF;ADFBDFCDFDEF
16:22:14:154;0;0;0;0;DF;ADFBDFCDFDEF
16:22:14:164;0;0;0;0;DF;ADFBDFCDFDEF
16:22:14:174;0;0;0;0;DF;ADFBDFCDFDEF
16:22:14:184;0;0;0;0;DF;ADFBDFCDFDEF
16:22:14:196;0;0;0;0;DF;ADFBDFCDFDEF
16:22:14:204;0;0;0;0;DF;ADFBDFCDFDEF
16:22:14:214;0;0;0;0;DF;ADFBDFCDFDEF
16:22:14:224;0;0;0;0;DF;ADFBDFCDFDEF
16:22:14:234;0;0;0;0;DF;ADFBDFCDFDEF
16:22:14:244;0;0;0;0;DF;ADFBDFCDFDEF
16:22:14:254;0;0;0;0;DF;ADFBDFCDFDEF
16:22:14:264;0;0;0;0;DF;ADFBDFCDFDEF
16:22:14:274;0;0;0;0;DF;ADFBDFCDFDEF
16:22:14:284;0;0;0;0;DF;ADFBDFCDFDEF
16:22:14:294;0;0;0;0;DF;ADFBDFCDFDEF
16:22:14:304;0;0;0;0;DF;ADFBDFCDFDEF
16:22:14:314;0;0;0;0;DF;ADFBDFCDFDEF
16:22:14:324;0;0;0;0;DF;ADFBDFCDFDEF
16:22:14:334;0;0;0;0;DF;ADFBDFCDFDEF
16:22:14:344;0;0;0;0;DF;ADFBDFCDFDEF
16:22:14:354;0;0;0;0;DF;ADFBDFCDFDEF
16:22:14:364;0;0;0;0;DF;ADFBDFCDFDEF
16:22:14:374;0;0;0;0;DF;ADFBDFCDFDEF
16:22:14:384;0;0;0;0;DF;ADFBDFCDFDEF
16:22:14:396;0;0;0;0;DF;ADFBDFCDFDEF
16:22:14:404;0;0;0;0;DF;ADFBDFCDFDEF
16:22:14:414;0;0;0;0;DF;ADFBDFCDFDEF
16:22:14:424;0;0;0;0;DF;ADFBDFCDFDEF
16:22:14:435;0;0;0;0;DF;ADFBDFCDFDEF
16:22:14:444;0;0;0;0;DF;ADFBDFCDFDEF
16:22:14:454;0;0;0;0;DF;ADFBDFCDFDEF
16:22:14:464;0;0;0;0;DF;ADFBDFCDFDEF
16:22:14:474;0;0;0;0;DF;ADFBDFCDFDEF
16:22:14:484;0;0;0;0;DF;ADFBDFCDFDEF
16:22:14:494;0;0;0;0;DF;ADFBDFCDFDEF
16:22:14:504;0;0;0;0;DF;ADFBDFCDFDEF
16:22:14:514;0;0;0;0;DF;ADFBDFCDFDEF
16:22:14:524;0;0;0;0;DF;ADFBDFCDFDEF
16:22:14:534;0;0;0;0;DF;ADFBDFCDFDEF
16:22:14:544;0;0;0;0;DF;ADFBDFCDFDEF
16:22:14:554;0;0;0;0;DF;ADFBDFCDFDEF
16:22:14:564;0;0;0;0;DF;ADFBDFCDFDEF
16:22:14:574;0;0;0;0;DF;ADFBDFCDFDEF
16:22:14:584;0;0;0;0;DF;ADFBDFCDFDEF
16:22:14:603;0;0;0;0;DF;ADFBDFCDFDEF
16:22:14:604;0;0;0;0;DF;ADFBDFCDFDEF
16:22:14:614;0;0;0;0;DF;ADFBDFCDFDEF
16:22:14:624;0;0;0;0;DF;ADFBDFCDFDEF
16:22:14:634;0;0;0;0;DF;ADFBDFCDFDEF
16:22:14:644;0;0;0;0;DF;ADFBDFCDFDEF
16:22:14:654;0;0;0;0;DF;ADFBDFCDFDEF
16:22:14:664;0;0;0;0;DF;ADFBDFCDFDEF
16:22:14:675;0;0;0;0;DF;ADFBDFCDFDEF
16:22:14:684;0;0;0;0;DF;ADFBDFCDFDEF
16:22:14:694;0;0;0;0;DF;ADFBDFCDFDEF
16:22:14:704;0;0;0;0;DF;ADFBDFCDFDEF
16:22:14:714;0;0;0;0;DF;ADFBDFCDFDEF
16:22:14:724;0;0;0;0;DF;ADFBDFCDFDEF
16:22:14:734;0;0;0;0;DF;ADFBDFCDFDEF
16:22:14:745;0;0;0;0;DF;ADFBDFCDFDEF
16:22:14:754;0;0;0;0;DF;ADFBDFCDFDEF
16:22:14:764;0;0;0;0;DF;ADFBDFCDFDEF
16:22:14:774;0;0;0;0;DF;ADFBDFCDFDEF
16:22:14:784;0;0;0;0;DF;ADFBDFCDFDEF
16:22:14:794;0;0;0;0;DF;ADFBDFCDFDEF
16:22:14:804;0;0;0;0;DF;ADFBDFCDFDEF
16:22:14:814;0;0;0;0;DF;ADFBDFCDFDEF
16:22:14:824;0;0;0;0;DF;ADFBDFCDFDEF
16:22:14:834;0;0;0;0;DF;ADFBDFCDFDEF
16:22:14:844;0;0;0;0;DF;ADFBDFCDFDEF
16:22:14:854;0;0;0;0;DF;ADFBDFCDFDEF
16:22:14:864;0;0;0;0;DF;ADFBDFCDFDEF
16:22:14:874;0;0;0;0;DF;ADFBDFCDFDEF
16:22:14:884;0;0;0;0;DF;ADFBDFCDFDEF
16:22:14:894;0;0;0;0;DF;ADFBDFCDFDEF
16:22:14:904;0;0;0;0;DF;ADFBDFCDFDEF
16:22:14:914;0;0;0;0;DF;ADFBDFCDFDEF
16:22:14:924;0;0;0;0;DF;ADFBDFCDFDEF
16:22:14:934;0;0;0;0;DF;ADFBDFCDFDEF
16:22:14:946;0;0;0;0;DF;ADFBDFCDFDEF
16:22:14:954;0;0;0;0;DF;ADFBDFCDFDEF
16:22:14:964;0;0;0;0;DF;ADFBDFCDFDEF
16:22:14:974;0;0;0;0;DF;ADFBDFCDFDEF
16:22:14:984;0;0;0;0;DF;ADFBDFCDFDEF
16:22:14:994;0;0;0;0;DF;ADFBDFCDFDEF
16:22:15:004;0;0;0;0;DF;ADFBDFCDFDEF
16:22:15:014;0;0;0;0;DF;ADFBDFCDFDEF
16:22:15:024;0;0;0;0;DF;ADFBDFCDFDEF
16:22:15:034;0;0;0;0;DF;ADFBDFCDFDEF
16:22:15:044;0;0;0;0;DF;ADFBDFCDFDEF
16:22:15:054;0;0;0;0;DF;ADFBDFCDFDEF
16:22:15:064;0;0;0;0;DF;ADFBDFCDFDEF
16:22:15:074;0;0;0;0;DF;ADFBDFCDFDEF
16:22:15:084;0;0;0;0;DF;ADFBDFCDFDEF
16:22:15:094;0;0;0;0;DF;ADFBDFCDFDEF
16:22:15:112;0;0;0;0;DF;ADFBDFCDFDEF
16:22:15:114;0;0;0;0;DF;ADFBDFCDFDEF
16:22:15:124;0;0;0;0;DF;ADFBDFCDFDEF
16:22:15:134;0;0;0;0;DF;ADFBDFCDFDEF
16:22:15:147;0;0;0;0;DF;ADFBDFCDFDEF
16:22:15:154;0;0;0;0;DF;ADFBDFCDFDEF
16:22:15:164;0;0;0;0;DF;ADFBDFCDFDEF
16:22:15:174;0;0;0;0;DF;ADFBDFCDFDEF
16:22:15:184;0;0;0;0;DF;ADFBDFCDFDEF
16:22:15:194;0;0;0;0;DF;ADFBDFCDFDEF
16:22:15:204;0;0;0;0;DF;ADFBDFCDFDEF
16:22:15:214;0;0;0;0;DF;ADFBDFCDFDEF
16:22:15:224;0;0;0;0;DF;ADFBDFCDFDEF
16:22:15:234;0;0;0;0;DF;ADFBDFCDFDEF
16:22:15:244;0;0;0;0;DF;ADFBDFCDFDEF
16:22:15:254;0;0;0;0;DF;ADFBDFCDFDEF
16:22:15:264;0;0;0;0;DF;ADFBDFCDFDEF
16:22:15:274;0;0;0;0;DF;ADFBDFCDFDEF
16:22:15:284;0;0;0;0;DF;ADFBDFCDFDEF
16:22:15:294;0;0;0;0;DF;ADFBDFCDFDEF
16:22:15:304;0;0;0;0;DF;ADFBDFCDFDEF
16:22:15:314;0;0;0;0;DF;ADFBDFCDFDEF
16:22:15:324;0;0;0;0;DF;ADFBDFCDFDEF
16:22:15:334;0;0;0;0;DF;ADFBDFCDFDEF
16:22:15:347;3;3;3;3;DF;ADFBDFCDFDEF
16:22:15:354;15;15;14;15;DF;ADFBDFCDFDEF
16:22:15:364;34;34;32;35;DF;ADFBDFCDFDEF
16:22:15:374;59;58;56;60;DF;ADFBDFCDFDEF
16:22:15:393;90;88;84;91;DF;ADFBDFCDFDEF
16:22:15:394;125;121;116;125;DF;ADFBDFCDFDEF
16:22:15:404;163;157;152;163;DF;ADFBDFCDFDEF
16:22:15:414;205;196;190;204;DF;ADFBDFCDFDEF
16:22:15:424;249;237;230;247;DF;ADFBDFCDFDEF
16:22:15:434;295;280;271;292;DF;ADFBDFCDFDEF
16:22:15:444;342;324;314;339;DF;ADFBDFCDFDEF
16:22:15:454;391;370;358;387;DF;ADFBDFCDFDEF
16:22:15:464;441;416;404;436;DF;ADFBDFCDFDEF
16:22:15:474;491;462;450;487;DF;ADFBDFCDFDEF
16:22:15:484;543;509;497;539;DF;ADFBDFCDFDEF
16:22:15:494;594;556;544;591;DF;ADFBDFCDFDEF
16:22:15:504;646;605;591;643;DF;ADFBDFCDFDEF
16:22:15:514;698;654;639;695;DF;ADFBDFCDFDEF
16:22:15:524;750;704;687;746;DF;ADFBDFCDFDEF
16:22:15:534;803;754;735;797;DF;ADFBDFCDFDEF
16:22:15:544;855;804;784;849;DF;ADFBDFCDFDEF
16:22:15:555;908;854;833;900;DF;ADFBDFCDFDEF
16:22:15:564;961;902;883;951;DF;ADFBDFCDFDEF
16:22:15:574;1014;951;933;1003;DF;ADFBDFCDFDEF
16:22:15:584;1067;1001;982;1053;DF;ADFBDFCDFDEF
16:22:15:594;1120;1050;1032;1104;DF;ADFBDFCDFDEF
16:22:15:604;1173;1099;1083;1155;DF;ADFBDFCDFDEF
16:22:15:624;1226;1148;1133;1206;DF;ADFBDFCDFDEF
16:22:15:624;1280;1197;1184;1257;DF;ADFBDFCDFDEF
16:22:15:635;1333;1246;1234;1309;DF;ADFBDFCDFDEF
16:22:15:644;1386;1294;1284;1360;DF;ADFBDFCDFDEF
16:22:15:654;1440;1342;1335;1411;DF;ADFBDFCDFDEF
16:22:15:664;1493;1392;1386;1463;DF;ADFBDFCDFDEF
16:22:15:674;1547;1441;1436;1514;DF;ADFBDFCDFDEF
16:22:15:684;1600;1490;1487;1565;DF;ADFBDFCDFDEF
16:22:15:694;1654;1540;1538;1616;DF;ADFBDFCDFDEF
16:22:15:704;1708;1589;1588;1666;DF;ADFBDFCDFDEF
16:22:15:714;1761;1638;1638;1718;DF;ADFBDFCDFDEF
16:22:15:724;1815;1688;1688;1769;DF;ADFBDFCDFDEF
16:22:15:734;1869;1737;1737;1820;DF;ADFBDFCDFDEF
16:22:15:744;1923;1786;1786;1870;DF;ADFBDFCDFDEF
16:22:15:754;1977;1835;1836;1921;DF;ADFBDFCDFDEF
16:22:15:764;2031;1884;1886;1972;DF;ADFBDFCDFDEF
16:22:15:774;2085;1933;1937;2023;DF;ADFBDFCDFDEF
16:22:15:784;2139;1981;1987;2073;DF;ADFBDFCDFDEF
16:22:15:794;2194;2030;2038;2125;DF;ADFBDFCDFDEF
16:22:15:804;2248;2079;2088;2175;DF;ADFBDFCDFDEF
16:22:15:814;2302;2128;2139;2226;DF;ADFBDFCDFDEF
16:22:15:824;2357;2176;2190;2277;DF;ADFBDFCDFDEF
16:22:15:834;2411;2225;2241;2328;DF;ADFBDFCDFDEF
16:22:15:844;2466;2273;2292;2379;DF;ADFBDFCDFDEF
16:22:15:854;2520;2321;2343;2429;DF;ADFBDFCDFDEF
16:22:15:864;2575;2370;2394;2480;DF;ADFBDFCDFDEF
16:22:15:874;2630;2418;2445;2531;DF;ADFBDFCDFDEF
16:22:15:884;2685;2466;2495;2581;DF;ADFBDFCDFDEF
16:22:15:894;2740;2513;2546;2633;DF;ADFBDFCDFDEF
16:22:15:905;2795;2561;2596;2683;DF;ADFBDFCDFDEF
16:22:15:914;2850;2608;2647;2734;DF;ADFBDFCDFDEF
16:22:15:924;2906;2655;2697;2784;DF;ADFBDFCDFDEF
16:22:15:934;2961;2701;2747;2835;DF;ADFBDFCDFDEF
16:22:15:944;3016;2748;2797;2886;DF;ADFBDFCDFDEF
16:22:15:954;3072;2794;2847;2937;DF;ADFBDFCDFDEF
16:22:15:964;3127;2838;2897;2987;DF;ADFBDFCDFDEF
16:22:15:974;3183;2883;2946;3038;DF;ADFBDFCDFDEF
16:22:15:984;3238;2926;2996;3089;DF;ADFBDFCDFDEF
16:22:15:994;3293;2970;3046;3140;DF;ADFBDFCDFDEF
16:22:16:004;3349;3012;3095;3191;DF;ADFBDFCDFDEF
16:22:16:014;3405;3054;3143;3241;DF;ADFBDFCDFDEF
16:22:16:024;3460;3097;3191;3292;DF;ADFBDFCDFDEF
16:22:16:034;3516;3142;3238;3343;DF;ADFBDFCDFDEF
16:22:16:044;3571;3186;3284;3394;DF;ADFBDFCDFDEF
16:22:16:054;3627;3232;3331;3444;DF;ADFBDFCDFDEF
16:22:16:064;3683;3277;3378;3495;DF;ADFBDFCDFDEF
16:22:16:074;3738;3323;3424;3546;DF;ADFBDFCDFDEF
16:22:16:084;3794;3370;3472;3597;DF;ADFBDFCDFDEF
16:22:16:094;3850;3417;3519;3647;DF;ADFBDFCDFDEF
16:22:16:104;3905;3464;3566;3698;DF;ADFBDFCDFDEF
16:22:16:114;3961;3512;3614;3749;DF;ADFBDFCDFDEF
16:22:16:134;4017;3560;3662;3800;DF;ADFBDFCDFDEF
16:22:16:134;4072;3608;3710;3849;DF;ADFBDFCDFDEF
16:22:16:144;4128;3656;3759;3899;DF;ADFBDFCDFDEF
16:22:16:154;4184;3705;3807;3950;DF;ADFBDFCDFDEF
16:22:16:164;4239;3754;3855;4001;DF;ADFBDFCDFDEF
16:22:16:174;4295;3803;3904;4052;DF;ADFBDFCDFDEF
16:22:16:184;4351;3852;3952;4103;DF;ADFBDFCDFDEF
16:22:16:194;4407;3901;4001;4153;DF;ADFBDFCDFDEF
16:22:16:204;4462;3950;4050;4204;DF;ADFBDFCDFDEF
16:22:16:214;4518;4000;4099;4255;DF;ADFBDFCDFDEF
16:22:16:225;4574;4049;4148;4306;DF;ADFBDFCDFDEF
16:22:16:235;4630;4099;4197;4357;DF;ADFBDFCDFDEF
16:22:16:255;4742;4198;4296;4458;DF;ADFBDFCDFDEF
16:22:16:244;4686;4148;4246;4407;DF;ADFBDFCDFDEF
16:22:16:265;4798;4247;4345;4509;DF;ADFBDFCDFDEF
16:22:16:274;4854;4297;4394;4560;DF;ADFBDFCDFDEF
16:22:16:284;4910;4346;4443;4611;DF;ADFBDFCDFDEF
16:22:16:294;4965;4396;4492;4662;DF;ADFBDFCDFDEF
16:22:16:304;5021;4446;4541;4713;DF;ADFBDFCDFDEF
16:22:16:315;5077;4495;4589;4764;DF;ADFBDFCDFDEF
16:22:16:324;5132;4544;4636;4815;DF;ADFBDFCDFDEF
16:22:16:334;5188;4594;4683;4866;DF;ADFBDFCDFDEF
16:22:16:344;5243;4642;4728;4916;DF;ADFBDFCDFDEF
16:22:16:354;5299;4692;4774;4967;DF;ADFBDFCDFDEF
16:22:16:364;5354;4740;4818;5018;DF;ADFBDFCDFDEF
16:22:16:375;5409;4789;4862;5069;DF;ADFBDFCDFDEF
16:22:16:384;5465;4837;4905;5120;DF;ADFBDFCDFDEF
16:22:16:394;5520;4885;4948;5171;DF;ADFBDFCDFDEF
16:22:16:404;5576;4934;4991;5222;DF;ADFBDFCDFDEF
16:22:16:414;5631;4982;5033;5273;DF;ADFBDFCDFDEF
16:22:16:424;5687;5030;5074;5324;DF;ADFBDFCDFDEF
16:22:16:434;5742;5078;5115;5374;DF;ADFBDFCDFDEF
16:22:16:444;5798;5127;5156;5425;DF;ADFBDFCDFDEF
16:22:16:454;5853;5175;5195;5476;DF;ADFBDFCDFDEF
16:22:16:464;5909;5223;5235;5527;DF;ADFBDFCDFDEF
16:22:16:474;5964;5271;5274;5577;DF;ADFBDFCDFDEF
16:22:16:484;6019;5320;5313;5628;DF;ADFBDFCDFDEF
16:22:16:494;6075;5368;5351;5679;DF;ADFBDFCDFDEF
16:22:16:504;6130;5416;5389;5729;DF;ADFBDFCDFDEF
16:22:16:514;6185;5464;5427;5780;DF;ADFBDFCDFDEF
16:22:16:524;6240;5512;5464;5831;DF;ADFBDFCDFDEF
16:22:16:534;6294;5560;5502;5881;DF;ADFBDFCDFDEF
16:22:16:544;6349;5608;5539;5931;DF;ADFBDFCDFDEF
16:22:16:554;6403;5656;5576;5982;DF;ADFBDFCDFDEF
16:22:16:564;6458;5704;5614;6032;DF;ADFBDFCDFDEF
16:22:16:574;6512;5752;5651;6079;DF;ADFBDFCDFDEF
16:22:16:585;6567;5800;5688;6123;DF;ADFBDFCDFDEF
16:22:16:594;6621;5848;5726;6163;DF;ADFBDFCDFDEF
16:22:16:604;6676;5897;5764;6200;DF;ADFBDFCDFDEF
16:22:16:614;6731;5945;5802;6234;DF;ADFBDFCDFDEF
16:22:16:624;6785;5994;5839;6264;DF;ADFBDFCDFDEF
16:22:16:644;6840;6042;5876;6292;DF;ADFBDFCDFDEF
16:22:16:645;6894;6090;5913;6316;DF;ADFBDFCDFDEF
16:22:16:654;6949;6139;5950;6337;DF;ADFBDFCDFDEF
16:22:16:664;7003;6187;5987;6356;DF;ADFBDFCDFDEF
16:22:16:675;7058;6236;6024;6371;DF;ADFBDFCDFDEF
16:22:16:684;7112;6284;6060;6384;DF;ADFBDFCDFDEF
16:22:16:694;7167;6332;6095;6393;DF;ADFBDFCDFDEF
16:22:16:704;7221;6380;6130;6401;DF;ADFBDFCDFDEF
16:22:16:714;7275;6428;6165;6405;DF;ADFBDFCDFDEF
16:22:16:724;7329;6476;6200;6406;DF;ADFBDFCDFDEF
16:22:16:734;7383;6523;6234;6406;DF;ADFBDFCDFDEF
16:22:16:744;7438;6565;6268;6406;DF;ADFBDFCDFDEF
16:22:16:754;7492;6603;6303;6406;DF;ADFBDFCDFDEF
16:22:16:764;7547;6636;6337;6406;DF;ADFBDFCDFDEF
16:22:16:774;7602;6664;6372;6406;DF;ADFBDFCDFDEF
16:22:16:784;7657;6687;6406;6406;DF;ADFBDFCDFDEF
16:22:16:794;7711;6706;6441;6406;DF;ADFBDFCDFDEF
16:22:16:804;7766;6721;6475;6406;DF;ADFBDFCDFDEF
16:22:16:814;7821;6731;6509;6406;DF;ADFBDFCDFDEF
16:22:16:824;7876;6738;6543;6406;DF;ADFBDFCDFDEF
16:22:16:834;7931;6740;6578;6406;DF;ADFBDFCDFDEF
16:22:16:844;7987;6740;6612;6406;DF;ADFBDFCDFDEF
16:22:16:854;8041;6740;6646;6406;DF;ADFBDFCDFDEF
16:22:16:864;8097;6740;6680;6406;DF;ADFBDFCDFDEF
16:22:16:874;8152;6740;6715;6406;DF;ADFBDFCDFDEF
16:22:16:884;8207;6740;6750;6406;DF;ADFBDFCDFDEF
16:22:16:894;8262;6740;6785;6406;DF;ADFBDFCDFDEF
16:22:16:904;8317;6740;6820;6406;DF;ADFBDFCDFDEF
16:22:16:914;8373;6740;6855;6406;DF;ADFBDFCDFDEF
16:22:16:924;8428;6740;6890;6406;DF;ADFBDFCDFDEF
16:22:16:934;8483;6740;6925;6406;DF;ADFBDFCDFDEF
16:22:16:944;8538;6740;6961;6406;DF;ADFBDFCDFDEF
16:22:16:969;8594;6740;6997;6406;DF;ADFBDFCDFDEF
16:22:16:970;8649;6740;7034;6406;DF;ADFBDFCDFDEF
16:22:16:975;8705;6740;7070;6406;DF;ADFBDFCDFDEF
16:22:16:985;8760;6740;7106;6406;DF;ADFBDFCDFDEF
16:22:16:994;8815;6740;7143;6406;DF;ADFBDFCDFDEF
16:22:17:004;8871;6740;7179;6406;DF;ADFBDFCDFDEF
16:22:17:014;8926;6740;7215;6406;DF;ADFBDFCDFDEF
16:22:17:024;8982;6740;7251;6406;DF;ADFBDFCDFDEF
16:22:17:035;9037;6740;7287;6406;DF;ADFBDFCDFDEF
16:22:17:044;9093;6740;7323;6406;DF;ADFBDFCDFDEF
16:22:17:054;9149;6740;7359;6406;DF;ADFBDFCDFDEF
16:22:17:064;9205;6740;7394;6406;DF;ADFBDFCDFDEF
16:22:17:075;9260;6740;7430;6406;DF;ADFBDFCDFDEF
16:22:17:104;9428;6740;7531;6406;DF;ADFBDFCDFDEF
16:22:17:095;9372;6740;7500;6406;DF;ADFBDFCDFDEF
16:22:17:084;9316;6740;7465;6406;DF;ADFBDFCDFDEF
16:22:17:124;9541;6740;7572;6406;DF;ADFBDFCDFDEF
16:22:17:134;9597;6740;7582;6406;DF;ADFBDFCDFDEF
16:22:17:114;9484;6740;7555;6406;DF;ADFBDFCDFDEF
16:22:17:156;9654;6740;7585;6406;DF;ADFBDFCDFDEF
16:22:17:157;9711;6740;7585;6406;DF;ADFBDFCDFDEF
16:22:17:164;9769;6740;7585;6406;DF;ADFBDFCDFDEF
16:22:17:174;9826;6740;7585;6406;DF;ADFBDFCDFDEF
16:22:17:185;9883;6740;7585;6406;DF;ADFBDFCDFDEF
16:22:17:195;9940;6740;7585;6406;DF;ADFBDFCDFDEF
16:22:17:204;9997;6740;7585;6406;DF;ADFBDFCDFDEF
16:22:17:214;10055;6740;7585;6406;DF;ADFBDFCDFDEF
16:22:17:225;10112;6740;7585;6406;DF;ADFBDFCDFDEF
16:22:17:235;10169;6740;7585;6406;DF;ADFBDFCDFDEF
16:22:17:245;10227;6740;7585;6406;DF;ADFBDFCDFDEF
16:22:17:254;10284;6740;7585;6406;DF;ADFBDFCDFDEF
16:22:17:264;10341;6740;7585;6406;DF;ADFBDFCDFDEF
16:22:17:274;10398;6740;7585;6406;DF;ADFBDFCDFDEF
16:22:17:284;10455;6740;7585;6406;DF;ADFBDFCDFDEF
16:22:17:294;10512;6740;7585;6406;DF;ADFBDFCDFDEF
16:22:17:304;10569;6740;7585;6406;DF;ADFBDFCDFDEF
16:22:17:314;10626;6740;7585;6406;DF;ADFBDFCDFDEF
16:22:17:324;10683;6740;7585;6406;DF;ADFBDFCDFDEF
16:22:17:334;10740;6740;7585;6406;DF;ADFBDFCDFDEF
16:22:17:344;10797;6740;7585;6406;DF;ADFBDFCDFDEF
16:22:17:354;10853;6740;7585;6406;DF;ADFBDFCDFDEF
16:22:17:364;10910;6740;7585;6406;DF;ADFBDFCDFDEF
16:22:17:374;10967;6740;7585;6406;DF;ADFBDFCDFDEF
16:22:17:384;11023;6740;7585;6406;DF;ADFBDFCDFDEF
16:22:17:394;11080;6740;7585;6406;DF;ADFBDFCDFDEF
16:22:17:404;11137;6740;7585;6406;DF;ADFBDFCDFDEF
16:22:17:414;11194;6740;7585;6406;DF;ADFBDFCDFDEF
16:22:17:424;11250;6740;7585;6406;DF;ADFBDFCDFDEF
16:22:17:434;11307;6740;7585;6406;DF;ADFBDFCDFDEF
16:22:17:444;11363;6740;7585;6406;DF;ADFBDFCDFDEF
16:22:17:454;11420;6740;7585;6406;DF;ADFBDFCDFDEF
16:22:17:464;11477;6740;7585;6406;DF;ADFBDFCDFDEF
16:22:17:474;11533;6740;7585;6406;DF;ADFBDFCDFDEF
16:22:17:484;11589;6740;7585;6406;DF;ADFBDFCDFDEF
16:22:17:494;11646;6740;7585;6406;DF;ADFBDFCDFDEF
16:22:17:504;11702;6740;7585;6406;DF;ADFBDFCDFDEF
16:22:17:514;11758;6740;7585;6406;DF;ADFBDFCDFDEF
16:22:17:525;11814;6740;7585;6406;DF;ADFBDFCDFDEF
16:22:17:534;11870;6740;7585;6406;DF;ADFBDFCDFDEF
16:22:17:544;11926;6740;7585;6406;DF;ADFBDFCDFDEF
16:22:17:554;11981;6740;7585;6406;DF;ADFBDFCDFDEF
16:22:17:564;12037;6740;7585;6406;DF;ADFBDFCDFDEF
16:22:17:574;12093;6740;7585;6406;DF;ADFBDFCDFDEF
16:22:17:584;12149;6740;7585;6406;DF;ADFBDFCDFDEF
16:22:17:594;12205;6740;7585;6406;DF;ADFBDFCDFDEF
16:22:17:604;12261;6740;7585;6406;DF;ADFBDFCDFDEF
16:22:17:614;12317;6740;7585;6406;DF;ADFBDFCDFDEF
16:22:17:624;12373;6740;7585;6406;DF;ADFBDFCDFDEF
16:22:17:634;12429;6740;7585;6406;DF;ADFBDFCDFDEF
16:22:17:644;12485;6740;7585;6406;DF;ADFBDFCDFDEF
16:22:17:654;12541;6740;7585;6406;DF;ADFBDFCDFDEF
16:22:17:669;12597;6740;7585;6406;DF;ADFBDFCDFDEF
16:22:17:674;12652;6740;7585;6406;DF;ADFBDFCDFDEF
16:22:17:684;12708;6740;7585;6406;DF;ADFBDFCDFDEF
16:22:17:694;12763;6740;7585;6406;DF;ADFBDFCDFDEF
16:22:17:704;12818;6740;7585;6406;DF;ADFBDFCDFDEF
16:22:17:714;12873;6740;7585;6406;DF;ADFBDFCDFDEF
16:22:17:724;12929;6740;7585;6406;DF;ADFBDFCDFDEF
16:22:17:735;12984;6740;7585;6406;DF;ADFBDFCDFDEF
16:22:17:744;13039;6740;7585;6406;DF;ADFBDFCDFDEF
16:22:17:754;13095;6740;7585;6406;DF;ADFBDFCDFDEF
16:22:17:765;13150;6740;7585;6406;DF;ADFBDFCDFDEF
16:22:17:774;13205;6740;7585;6406;DF;ADFBDFCDFDEF
16:22:17:784;13261;6740;7585;6406;DF;ADFBDFCDFDEF
16:22:17:794;13316;6740;7585;6406;DF;ADFBDFCDFDEF
16:22:17:804;13371;6740;7585;6406;DF;ADFBDFCDFDEF
16:22:17:814;13426;6740;7585;6406;DF;ADFBDFCDFDEF
16:22:17:825;13481;6740;7585;6406;DF;ADFBDFCDFDEF
16:22:17:835;13536;6740;7585;6406;DF;ADFBDFCDFDEF
16:22:17:844;13591;6740;7585;6406;DF;ADFBDFCDFDEF
16:22:17:854;13646;6740;7585;6406;DF;ADFBDFCDFDEF
16:22:17:864;13701;6740;7585;6406;DF;ADFBDFCDFDEF
16:22:17:874;13756;6740;7585;6406;DF;ADFBDFCDFDEF
16:22:17:884;13811;6740;7585;6406;DF;ADFBDFCDFDEF
16:22:17:894;13866;6740;7585;6406;DF;ADFBDFCDFDEF
16:22:17:904;13921;6740;7585;6406;DF;ADFBDFCDFDEF
16:22:17:914;13975;6740;7585;6406;DF;ADFBDFCDFDEF
16:22:17:924;14029;6740;7585;6406;DF;ADFBDFCDFDEF
16:22:17:934;14083;6740;7585;6406;DF;ADFBDFCDFDEF
16:22:17:944;14137;6740;7585;6406;DF;ADFBDFCDFDEF
16:22:17:954;14190;6740;7585;6406;DF;ADFBDFCDFDEF
16:22:17:964;14243;6740;7585;6406;DF;ADFBDFCDFDEF
16:22:17:974;14297;6740;7585;6406;DF;ADFBDFCDFDEF
16:22:17:984;14350;6740;7585;6406;DF;ADFBDFCDFDEF
16:22:17:994;14403;6740;7585;6406;DF;ADFBDFCDFDEF
16:22:18:004;14455;6740;7585;6406;DF;ADFBDFCDFDEF
16:22:18:014;14507;6740;7585;6406;DF;ADFBDFCDFDEF
16:22:18:024;14559;6740;7585;6406;DF;ADFBDFCDFDEF
16:22:18:034;14610;6740;7585;6406;DF;ADFBDFCDFDEF
16:22:18:044;14661;6740;7585;6406;DF;ADFBDFCDFDEF
16:22:18:054;14712;6740;7585;6406;DF;ADFBDFCDFDEF
16:22:18:064;14762;6740;7585;6406;DF;ADFBDFCDFDEF
16:22:18:074;14813;6740;7585;6406;DF;ADFBDFCDFDEF
16:22:18:084;14863;6740;7585;6406;DF;ADFBDFCDFDEF
16:22:18:094;14913;6740;7585;6406;DF;ADFBDFCDFDEF
16:22:18:104;14963;6740;7585;6406;DF;ADFBDFCDFDEF
16:22:18:114;15013;6740;7585;6406;DF;ADFBDFCDFDEF
16:22:18:124;15064;6740;7585;6406;DF;ADFBDFCDFDEF
16:22:18:134;15114;6740;7585;6406;DF;ADFBDFCDFDEF
16:22:18:144;15164;6740;7585;6406;DF;ADFBDFCDFDEF
16:22:18:154;15214;6740;7585;6406;DF;ADFBDFCDFDEF
16:22:18:164;15265;6740;7585;6406;DF;ADFBDFCDFDEF
16:22:18:184;15315;6740;7585;6406;DF;ADFBDFCDFDEF
16:22:18:184;15366;6740;7585;6406;DF;ADFBDFCDFDEF
16:22:18:194;15416;6740;7585;6406;DF;ADFBDFCDFDEF
16:22:18:204;15467;6740;7585;6406;DF;ADFBDFCDFDEF
16:22:18:214;15517;6740;7585;6406;DF;ADFBDFCDFDEF
16:22:18:224;15568;6740;7585;6406;DF;ADFBDFCDFDEF
16:22:18:235;15618;6740;7585;6406;DF;ADFBDFCDFDEF
16:22:18:244;15668;6740;7585;6406;DF;ADFBDFCDFDEF
16:22:18:267;15719;6740;7585;6406;DF;ADFBDFCDFDEF
16:22:18:268;15769;6740;7585;6406;DF;ADFBDFCDFDEF
16:22:18:274;15819;6740;7585;6406;DF;ADFBDFCDFDEF
16:22:18:284;15869;6740;7585;6406;DF;ADFBDFCDFDEF
16:22:18:294;15919;6740;7585;6406;DF;ADFBDFCDFDEF
16:22:18:306;15969;6740;7585;6406;DF;ADFBDFCDFDEF
16:22:18:315;16019;6740;7585;6406;DF;ADFBDFCDFDEF
16:22:18:325;16069;6740;7585;6406;DF;ADFBDFCDFDEF
16:22:18:334;16120;6740;7585;6406;DF;ADFBDFCDFDEF
16:22:18:344;16170;6740;7585;6406;DF;ADFBDFCDFDEF
16:22:18:354;16220;6740;7585;6406;DF;ADFBDFCDFDEF
16:22:18:364;16269;6740;7585;6406;DF;ADFBDFCDFDEF
16:22:18:374;16320;6740;7585;6406;DF;ADFBDFCDFDEF
16:22:18:384;16370;6740;7585;6406;DF;ADFBDFCDFDEF
16:22:18:394;16420;6740;7585;6406;DF;ADFBDFCDFDEF
16:22:18:404;16471;6740;7585;6406;DF;ADFBDFCDFDEF
16:22:18:414;16521;6740;7585;6406;DF;ADFBDFCDFDEF
16:22:18:424;16571;6740;7585;6406;DF;ADFBDFCDFDEF
16:22:18:434;16621;6740;7585;6406;DF;ADFBDFCDFDEF
16:22:18:444;16672;6740;7585;6406;DF;ADFBDFCDFDEF
16:22:18:454;16722;6740;7585;6406;DF;ADFBDFCDFDEF
16:22:18:464;16772;6740;7585;6406;DF;ADFBDFCDFDEF
16:22:18:474;16823;6740;7585;6406;DF;ADFBDFCDFDEF
16:22:18:484;16873;6740;7585;6406;DF;ADFBDFCDFDEF
16:22:18:494;16923;6740;7585;6406;DF;ADFBDFCDFDEF
16:22:18:504;16973;6740;7585;6406;DF;ADFBDFCDFDEF
16:22:18:514;17023;6740;7585;6406;DF;ADFBDFCDFDEF
16:22:18:524;17069;6740;7585;6406;DF;ADFBDFCDFDEF
16:22:18:534;17109;6740;7585;6406;DF;ADFBDFCDFDEF
16:22:18:544;17146;6740;7585;6406;DF;ADFBDFCDFDEF
16:22:18:554;17178;6740;7585;6406;DF;ADFBDFCDFDEF
16:22:18:564;17205;6740;7585;6406;DF;ADFBDFCDFDEF
16:22:18:574;17229;6740;7585;6406;DF;ADFBDFCDFDEF
16:22:18:584;17247;6740;7585;6406;DF;ADFBDFCDFDEF
16:22:18:594;17262;6740;7585;6406;DF;ADFBDFCDFDEF
16:22:18:604;17273;6740;7585;6406;DF;ADFBDFCDFDEF
16:22:18:614;17279;6740;7585;6406;DF;ADFBDFCDFDEF
16:22:18:624;17282;6740;7585;6406;DF;ADFBDFCDFDEF
16:22:18:634;17281;6740;7585;6406;DF;ADFBDFCDFDEF
16:22:18:644;17281;6740;7585;6406;DF;ADFBDFCDFDEF
16:22:18:654;17281;6740;7585;6406;DF;ADFBDFCDFDEF
16:22:18:664;17281;6740;7585;6406;DF;ADFBDFCDFDEF
16:22:18:674;17281;6740;7585;6406;DF;ADFBDFCDFDEF
16:22:18:694;17281;6740;7585;6406;DF;ADFBDFCDFDEF
16:22:18:694;17281;6740;7585;6406;DF;ADFBDFCDFDEF
16:22:18:704;17281;6740;7585;6406;DF;ADFBDFCDFDEF
16:22:18:714;17281;6740;7585;6406;DF;ADFBDFCDFDEF
16:22:18:724;17281;6740;7585;6406;DF;ADFBDFCDFDEF
16:22:18:734;17281;6740;7585;6406;DF;ADFBDFCDFDEF
16:22:18:744;17281;6740;7585;6406;DF;ADFBDFCDFDEF
16:22:18:754;17281;6740;7585;6406;DF;ADFBDFCDFDEF
16:22:18:764;17281;6740;7585;6406;DF;ADFBDFCDFDEF
16:22:18:774;17281;6740;7585;6406;DF;ADFBDFCDFDEF
16:22:18:784;17281;6740;7585;6406;DF;ADFBDFCDFDEF
16:22:18:794;17281;6740;7585;6406;DF;ADFBDFCDFDEF
16:22:18:804;17281;6740;7585;6406;DF;ADFBDFCDFDEF
16:22:18:814;17281;6740;7585;6406;DF;ADFBDFCDFDEF
16:22:18:824;17281;6740;7585;6406;DF;ADFBDFCDFDEF
16:22:18:834;17281;6740;7585;6406;DF;ADFBDFCDFDEF
16:22:18:844;17281;6740;7585;6406;DF;ADFBDFCDFDEF
16:22:18:854;17281;6740;7585;6406;DF;ADFBDFCDFDEF
16:22:18:864;17281;6740;7585;6406;DF;ADFBDFCDFDEF
16:22:18:874;17281;6740;7585;6406;DF;ADFBDFCDFDEF
16:22:18:884;17281;6740;7585;6406;DF;ADFBDFCDFDEF
16:22:18:894;17281;6740;7585;6406;DF;ADFBDFCDFDEF
16:22:18:904;17281;6740;7585;6406;DF;ADFBDFCDFDEF
16:22:18:914;17281;6740;7585;6406;DF;ADFBDFCDFDEF
16:22:18:924;17281;6740;7585;6406;DF;ADFBDFCDFDEF
16:22:18:935;17281;6740;7585;6406;DF;ADFBDFCDFDEF
16:22:18:944;17281;6740;7585;6406;DF;ADFBDFCDFDEF
16:22:18:954;17281;6740;7585;6406;DF;ADFBDFCDFDEF
16:22:18:964;17281;6740;7585;6406;DF;ADFBDFCDFDEF
16:22:18:974;17281;6740;7585;6406;DF;ADFBDFCDFDEF
16:22:18:984;17281;6740;7585;6406;DF;ADFBDFCDFDEF
16:22:18:994;17281;6740;7585;6406;DF;ADFBDFCDFDEF
16:22:19:004;17281;6740;7585;6406;DF;ADFBDFCDFDEF
16:22:19:014;17281;6740;7585;6406;DF;ADFBDFCDFDEF
16:22:19:025;17281;6740;7585;6406;DF;ADFBDFCDFDEF
16:22:19:034;17281;6740;7585;6406;DF;ADFBDFCDFDEF
16:22:19:044;17281;6740;7585;6406;DF;ADFBDFCDFDEF
16:22:19:054;17281;6740;7585;6406;DF;ADFBDFCDFDEF
16:22:19:064;17281;6740;7585;6406;DF;ADFBDFCDFDEF
16:22:19:075;17281;6740;7585;6406;DF;ADFBDFCDFDEF
16:22:19:085;17281;6740;7585;6406;DF;ADFBDFCDFDEF
16:22:19:094;17281;6740;7585;6406;DF;ADFBDFCDFDEF
16:22:19:104;17281;6740;7585;6406;DF;ADFBDFCDFDEF
16:22:19:114;17281;6740;7585;6406;DF;ADFBDFCDFDEF
16:22:19:124;17281;6740;7585;6406;DF;ADFBDFCDFDEF
16:22:19:134;17281;6740;7585;6406;DF;ADFBDFCDFDEF
16:22:19:144;17281;6740;7585;6406;DF;ADFBDFCDFDEF
16:22:19:154;17281;6740;7585;6406;DF;ADFBDFCDFDEF
16:22:19:164;17281;6740;7585;6406;DF;ADFBDFCDFDEF
16:22:19:174;17281;6740;7585;6406;DF;ADFBDFCDFDEF
16:22:19:184;17281;6740;7585;6406;DF;ADFBDFCDFDEF
16:22:19:205;17281;6740;7585;6406;DF;ADFBDFCDFDEF
16:22:19:207;17281;6740;7585;6406;DF;ADFBDFCDFDEF
16:22:19:214;17281;6740;7585;6406;DF;ADFBDFCDFDEF
16:22:19:224;17281;6740;7585;6406;DF;ADFBDFCDFDEF
16:22:19:234;17281;6740;7585;6406;DF;ADFBDFCDFDEF
16:22:19:244;17281;6740;7585;6406;DF;ADFBDFCDFDEF
16:22:19:254;17281;6740;7585;6406;DF;ADFBDFCDFDEF
16:22:19:265;17281;6740;7585;6406;DF;ADFBDFCDFDEF
16:22:19:274;17281;6740;7585;6406;DF;ADFBDFCDFDEF
16:22:19:284;17281;6740;7585;6406;DF;ADFBDFCDFDEF
16:22:19:294;17281;6740;7585;6406;DF;ADFBDFCDFDEF
16:22:19:304;17281;6740;7585;6406;DF;ADFBDFCDFDEF
16:22:19:314;17281;6740;7585;6406;DF;ADFBDFCDFDEF
16:22:19:324;17281;6740;7585;6406;DF;ADFBDFCDFDEF
16:22:19:335;17281;6740;7585;6406;DF;ADFBDFCDFDEF
16:22:19:344;17281;6740;7585;6406;DF;ADFBDFCDFDEF
16:22:19:354;17281;6740;7585;6406;DF;ADFBDFCDFDEF
16:22:19:364;17281;6740;7585;6406;DF;ADFBDFCDFDEF
16:22:19:374;17281;6740;7585;6406;DF;ADFBDFCDFDEF
16:22:19:384;17281;6740;7585;6406;DF;ADFBDFCDFDEF
16:22:19:394;17281;6740;7585;6406;DF;ADFBDFCDFDEF
16:22:19:404;17281;6740;7585;6406;DF;ADFBDFCDFDEF
16:22:19:414;17281;6740;7585;6406;DF;ADFBDFCDFDEF
16:22:19:424;17281;6740;7585;6406;DF;ADFBDFCDFDEF
16:22:19:434;17281;6740;7585;6406;DF;ADFBDFCDFDEF
16:22:19:444;17281;6740;7585;6406;DF;ADFBDFCDFDEF
16:22:19:454;17281;6740;7585;6406;DF;ADFBDFCDFDEF
16:22:19:464;17281;6740;7585;6406;DF;ADFBDFCDFDEF
16:22:19:474;17281;6740;7585;6406;DF;ADFBDFCDFDEF
16:22:19:485;17281;6740;7585;6406;DF;ADFBDFCDFDEF
16:22:19:494;17281;6740;7585;6406;DF;ADFBDFCDFDEF
16:22:19:504;17281;6740;7585;6406;DF;ADFBDFCDFDEF
16:22:19:524;17281;6740;7585;6406;DF;ADFBDFCDFDEF
16:22:19:544;17281;6740;7585;6406;DF;ADFBDFCDFDEF
16:22:19:514;17281;6740;7585;6406;DF;ADFBDFCDFDEF
16:22:19:534;17281;6740;7585;6406;DF;ADFBDFCDFDEF
16:22:19:569;17281;6740;7585;6406;DF;ADFBDFCDFDEF
16:22:19:570;17281;6740;7585;6406;DF;ADFBDFCDFDEF
16:22:19:574;17281;6740;7585;6406;DF;ADFBDFCDFDEF
16:22:19:584;17281;6740;7585;6406;DF;ADFBDFCDFDEF
16:22:19:594;17281;6740;7585;6406;DF;ADFBDFCDFDEF
16:22:19:605;17281;6740;7585;6406;DF;ADFBDFCDFDEF
16:22:19:625;17281;6740;7585;6406;DF;ADFBDFCDFDEF
16:22:19:614;17281;6740;7585;6406;DF;ADFBDFCDFDEF
16:22:19:635;17281;6740;7585;6406;DF;ADFBDFCDFDEF
16:22:19:644;17281;6740;7585;6406;DF;ADFBDFCDFDEF
16:22:19:654;17281;6740;7585;6406;DF;ADFBDFCDFDEF
16:22:19:664;17281;6740;7585;6406;DF;ADFBDFCDFDEF
16:22:19:674;17281;6740;7585;6406;DF;ADFBDFCDFDEF
16:22:19:684;17281;6740;7585;6406;DF;ADFBDFCDFDEF
16:22:19:694;17281;6740;7585;6406;DF;ADFBDFCDFDEF
16:22:19:704;17281;6740;7585;6406;DF;ADFBDFCDFDEF
16:22:19:714;17281;6740;7585;6406;DF;ADFBDFCDFDEF
16:22:19:724;17281;6740;7585;6406;DF;ADFBDFCDFDEF
16:22:19:734;17281;6740;7585;6406;DF;ADFBDFCDFDEF
16:22:19:744;17281;6740;7585;6406;DF;ADFBDFCDFDEF
16:22:19:754;17281;6740;7585;6406;DF;ADFBDFCDFDEF
16:22:19:764;17281;6740;7585;6406;DF;ADFBDFCDFDEF
16:22:19:774;17281;6740;7585;6406;DF;ADFBDFCDFDEF
16:22:19:784;17281;6740;7585;6406;DF;ADFBDFCDFDEF
16:22:19:794;17281;6740;7585;6406;DF;ADFBDFCDFDEF
16:22:19:804;17281;6740;7585;6406;DF;ADFBDFCDFDEF
16:22:19:844;17281;6740;7585;6406;DF;ADFBDFCDFDEF
16:22:19:825;17281;6740;7585;6406;DF;ADFBDFCDFDEF
16:22:19:834;17281;6740;7585;6406;DF;ADFBDFCDFDEF
16:22:19:814;17281;6740;7585;6406;DF;ADFBDFCDFDEF
16:22:19:854;17281;6740;7585;6406;DF;ADFBDFCDFDEF
16:22:19:864;17281;6740;7585;6406;DF;ADFBDFCDFDEF
16:22:19:874;17281;6740;7585;6406;DF;ADFBDFCDFDEF
16:22:19:884;17281;6740;7585;6406;DF;ADFBDFCDFDEF
16:22:19:894;17281;6740;7585;6406;DF;ADFBDFCDFDEF
16:22:19:904;17281;6740;7585;6406;DF;ADFBDFCDFDEF
16:22:19:914;17281;6740;7585;6406;DF;ADFBDFCDFDEF
16:22:19:924;17281;6740;7585;6406;DF;ADFBDFCDFDEF
16:22:19:934;17281;6740;7585;6406;DF;ADFBDFCDFDEF
16:22:19:944;17281;6740;7585;6406;DF;ADFBDFCDFDEF
16:22:19:954;17281;6740;7585;6406;DF;ADFBDFCDFDEF
16:22:19:964;17281;6740;7585;6406;DF;ADFBDFCDFDEF
16:22:19:974;17281;6740;7585;6406;DF;ADFBDFCDFDEF
16:22:19:984;17281;6740;7585;6406;DF;ADFBDFCDFDEF
16:22:19:994;17281;6740;7585;6406;DF;ADFBDFCDFDEF
16:22:20:004;17281;6740;7585;6406;DF;ADFBDFCDFDEF
16:22:20:014;17281;6740;7585;6406;DF;ADFBDFCDFDEF
16:22:20:024;17281;6740;7585;6406;DF;ADFBDFCDFDEF
16:22:20:034;17281;6740;7585;6406;DF;ADFBDFCDFDEF
16:22:20:044;17281;6740;7585;6406;DF;ADFBDFCDFDEF
16:22:20:056;17281;6740;7585;6406;DF;ADFBDFCDFDEF
16:22:20:064;17281;6740;7585;6406;DF;ADFBDFCDFDEF
16:22:20:074;17281;6740;7585;6406;DF;ADFBDFCDFDEF
16:22:20:084;17281;6740;7585;6406;DF;ADFBDFCDFDEF
16:22:20:094;17281;6740;7585;6406;DF;ADFBDFCDFDEF
16:22:20:105;17281;6740;7585;6406;DF;ADFBDFCDFDEF
16:22:20:114;17281;6740;7585;6406;DF;ADFBDFCDFDEF
16:22:20:124;17281;6740;7585;6406;DF;ADFBDFCDFDEF
16:22:20:134;17281;6740;7585;6406;DF;ADFBDFCDFDEF
16:22:20:144;17281;6740;7585;6406;DF;ADFBDFCDFDEF
16:22:20:154;17281;6740;7585;6406;DF;ADFBDFCDFDEF
16:22:20:164;17281;6740;7585;6406;DF;ADFBDFCDFDEF
16:22:20:174;17281;6740;7585;6406;DF;ADFBDFCDFDEF
16:22:20:184;17281;6740;7585;6406;DF;ADFBDFCDFDEF
16:22:20:194;17281;6740;7585;6406;DF;ADFBDFCDFDEF
16:22:20:204;17281;6740;7585;6406;DF;ADFBDFCDFDEF
16:22:20:223;17281;6740;7585;6406;DF;ADFBDFCDFDEF
16:22:20:224;17281;6740;7585;6406;DF;ADFBDFCDFDEF
16:22:20:235;17281;6740;7585;6406;DF;ADFBDFCDFDEF
16:22:20:244;17281;6740;7585;6406;DF;ADFBDFCDFDEF
16:22:20:254;17281;6740;7585;6406;DF;ADFBDFCDFDEF
16:22:20:264;17281;6740;7585;6406;DF;ADFBDFCDFDEF
16:22:20:274;17281;6740;7585;6406;DF;ADFBDFCDFDEF
16:22:20:284;17281;6740;7585;6406;DF;ADFBDFCDFDEF
16:22:20:294;17281;6740;7585;6406;DF;ADFBDFCDFDEF
16:22:20:304;17281;6740;7585;6406;DF;ADFBDFCDFDEF
16:22:20:315;17281;6740;7585;6406;DF;ADFBDFCDFDEF
16:22:20:325;17281;6740;7585;6406;DF;ADFBDFCDFDEF
16:22:20:334;17281;6740;7585;6406;DF;ADFBDFCDFDEF
16:22:20:344;17281;6740;7585;6406;DF;ADFBDFCDFDEF
16:22:20:354;17281;6740;7585;6406;DF;ADFBDFCDFDEF
16:22:20:364;17281;6740;7585;6406;DF;ADFBDFCDFDEF
16:22:20:374;17281;6740;7585;6406;DF;ADFBDFCDFDEF
16:22:20:384;17281;6740;7585;6406;DF;ADFBDFCDFDEF
16:22:20:394;17281;6740;7585;6406;DF;ADFBDFCDFDEF
16:22:20:404;17281;6740;7585;6406;DF;ADFBDFCDFDEF
16:22:20:414;17281;6740;7585;6406;DF;ADFBDFCDFDEF
16:22:20:425;17281;6740;7585;6406;DF;ADFBDFCDFDEF
16:22:20:435;17281;6740;7585;6406;DF;ADFBDFCDFDEF
16:22:20:444;17281;6740;7585;6406;DF;ADFBDFCDFDEF
16:22:20:454;17281;6740;7585;6406;DF;ADFBDFCDFDEF
16:22:20:464;17281;6740;7585;6406;DF;ADFBDFCDFDEF
16:22:20:474;17281;6740;7585;6406;DF;ADFBDFCDFDEF
16:22:20:484;17281;6740;7585;6406;DF;ADFBDFCDFDEF
16:22:20:494;17281;6740;7585;6406;DF;ADFBDFCDFDEF
16:22:20:504;17281;6740;7585;6406;DF;ADFBDFCDFDEF
16:22:20:514;17281;6740;7585;6406;DF;ADFBDFCDFDEF
16:22:20:524;17281;6740;7585;6406;DF;ADFBDFCDFDEF
16:22:20:534;17281;6740;7585;6406;DF;ADFBDFCDFDEF
16:22:20:544;17281;6740;7585;6406;DF;ADFBDFCDFDEF
16:22:20:554;17281;6740;7585;6406;DF;ADFBDFCDFDEF
16:22:20:564;17281;6740;7585;6406;DF;ADFBDFCDFDEF
16:22:20:574;17281;6740;7585;6406;DF;ADFBDFCDFDEF
16:22:20:584;17281;6740;7585;6406;DF;ADFBDFCDFDEF
16:22:20:594;17281;6740;7585;6406;DF;ADFBDFCDFDEF
16:22:20:605;17281;6740;7585;6406;DF;ADFBDFCDFDEF
16:22:20:614;17281;6740;7585;6406;DF;ADFBDFCDFDEF
16:22:20:624;17281;6740;7585;6406;DF;ADFBDFCDFDEF
16:22:20:721;17281;6740;7585;6406;DF;ADFBDFCDFDEF
16:22:20:721;17281;6740;7585;6406;DF;ADFBDFCDFDEF
16:22:20:721;17281;6740;7585;6406;DF;ADFBDFCDFDEF
16:22:20:721;17281;6740;7585;6406;DF;ADFBDFCDFDEF
16:22:20:721;17281;6740;7585;6406;DF;ADFBDFCDFDEF
16:22:20:721;17281;6740;7585;6406;DF;ADFBDFCDFDEF
16:22:20:721;17281;6740;7585;6406;DF;ADFBDFCDFDEF
16:22:20:721;17281;6740;7585;6406;DF;ADFBDFCDFDEF
16:22:20:721;17281;6740;7585;6406;DF;ADFBDFCDFDEF
16:22:20:732;17281;6740;7585;6406;DF;ADFBDFCDFDEF
16:22:20:734;17281;6740;7585;6406;DF;ADFBDFCDFDEF
16:22:20:744;17281;6740;7585;6406;DF;ADFBDFCDFDEF
16:22:20:754;17281;6740;7585;6406;DF;ADFBDFCDFDEF
16:22:20:764;17281;6740;7585;6406;DF;ADFBDFCDFDEF
16:22:20:774;17281;6740;7585;6406;DF;ADFBDFCDFDEF
16:22:20:784;17281;6740;7585;6406;DF;ADFBDFCDFDEF
16:22:20:794;17281;6740;7585;6406;DF;ADFBDFCDFDEF
16:22:20:804;17281;6740;7585;6406;DF;ADFBDFCDFDEF
16:22:20:814;17281;6740;7585;6406;DF;ADFBDFCDFDEF
16:22:20:824;17281;6740;7585;6406;DF;ADFBDFCDFDEF
16:22:20:834;17281;6740;7585;6406;DF;ADFBDFCDFDEF
16:22:20:844;17281;6740;7585;6406;DF;ADFBDFCDFDEF
16:22:20:854;17281;6740;7585;6406;DF;ADFBDFCDFDEF
16:22:20:864;17281;6740;7585;6406;DF;ADFBDFCDFDEF
16:22:20:874;17281;6740;7585;6406;DF;ADFBDFCDFDEF
16:22:20:884;17281;6740;7585;6406;DF;ADFBDFCDFDEF
16:22:20:894;17281;6740;7585;6406;DF;ADFBDFCDFDEF
16:22:20:904;17281;6740;7585;6406;DF;ADFBDFCDFDEF
16:22:20:914;17281;6740;7585;6406;DF;ADFBDFCDFDEF
16:22:20:924;17281;6740;7585;6406;DF;ADFBDFCDFDEF
16:22:20:935;17281;6740;7585;6406;DF;ADFBDFCDFDEF
16:22:20:947;17281;6740;7585;6406;DF;ADFBDFCDFDEF
16:22:20:954;17281;6740;7585;6406;DF;ADFBDFCDFDEF
16:22:20:964;17281;6740;7585;6406;DF;ADFBDFCDFDEF
16:22:20:974;17281;6740;7585;6406;DF;ADFBDFCDFDEF
16:22:20:984;17281;6740;7585;6406;DF;ADFBDFCDFDEF
16:22:20:994;17281;6740;7585;6406;DF;ADFBDFCDFDEF
16:22:21:004;17281;6740;7585;6406;DF;ADFBDFCDFDEF
16:22:21:014;17281;6740;7585;6406;DF;ADFBDFCDFDEF
16:22:21:024;17281;6740;7585;6406;DF;ADFBDFCDFDEF
16:22:21:034;17281;6740;7585;6406;DF;ADFBDFCDFDEF
16:22:21:044;17281;6740;7585;6406;DF;ADFBDFCDFDEF
16:22:21:054;17281;6740;7585;6406;DF;ADFBDFCDFDEF
16:22:21:064;17281;6740;7585;6406;DF;ADFBDFCDFDEF
16:22:21:074;17281;6740;7585;6406;DF;ADFBDFCDFDEF
16:22:21:084;17281;6740;7585;6406;DF;ADFBDFCDFDEF
16:22:21:094;17281;6740;7585;6406;DF;ADFBDFCDFDEF
16:22:21:104;17281;6740;7585;6406;DF;ADFBDFCDFDEF
16:22:21:114;17281;6740;7585;6406;DF;ADFBDFCDFDEF
16:22:21:124;17281;6740;7585;6406;DF;ADFBDFCDFDEF
16:22:21:134;17281;6740;7585;6406;DF;ADFBDFCDFDEF
16:22:21:144;17281;6740;7585;6406;DF;ADFBDFCDFDEF
16:22:21:154;17281;6740;7585;6406;DF;ADFBDFCDFDEF
16:22:21:164;17281;6740;7585;6406;DF;ADFBDFCDFDEF
16:22:21:174;17281;6740;7585;6406;DF;ADFBDFCDFDEF
16:22:21:184;17281;6740;7585;6406;DF;ADFBDFCDFDEF
16:22:21:194;17281;6740;7585;6406;DF;ADFBDFCDFDEF
16:22:21:204;17281;6740;7585;6406;DF;ADFBDFCDFDEF
16:22:21:214;17281;6740;7585;6406;DF;ADFBDFCDFDEF
16:22:21:224;17281;6740;7585;6406;DF;ADFBDFCDFDEF
16:22:21:243;17281;6740;7585;6406;DF;ADFBDFCDFDEF
16:22:21:244;17281;6740;7585;6406;DF;ADFBDFCDFDEF
16:22:21:255;17281;6740;7585;6406;DF;ADFBDFCDFDEF
16:22:21:264;17281;6740;7585;6406;DF;ADFBDFCDFDEF
16:22:21:274;17281;6740;7585;6406;DF;ADFBDFCDFDEF
16:22:21:285;17281;6740;7585;6406;DF;ADFBDFCDFDEF
16:22:21:294;17281;6740;7585;6406;DF;ADFBDFCDFDEF
16:22:21:305;17281;6740;7585;6406;DF;ADFBDFCDFDEF
16:22:21:315;17281;6740;7585;6406;DF;ADFBDFCDFDEF
16:22:21:324;17281;6740;7585;6406;DF;ADFBDFCDFDEF
16:22:21:334;17281;6740;7585;6406;DF;ADFBDFCDFDEF
16:22:21:344;17281;6740;7585;6406;DF;ADFBDFCDFDEF
16:22:21:354;17281;6740;7585;6406;DF;ADFBDFCDFDEF
16:22:21:364;17281;6740;7585;6406;DF;ADFBDFCDFDEF
16:22:21:374;17281;6740;7585;6406;DF;ADFBDFCDFDEF
16:22:21:384;17281;6740;7585;6406;DF;ADFBDFCDFDEF
16:22:21:394;17281;6740;7585;6406;DF;ADFBDFCDFDEF
16:22:21:404;17281;6740;7585;6406;DF;ADFBDFCDFDEF
16:22:21:414;17281;6740;7585;6406;DF;ADFBDFCDFDEF
16:22:21:424;17281;6740;7585;6406;DF;ADFBDFCDFDEF
16:22:21:434;17281;6740;7585;6406;DF;ADFBDFCDFDEF
16:22:21:444;17281;6740;7585;6406;DF;ADFBDFCDFDEF
16:22:21:454;17281;6740;7585;6406;DF;ADFBDFCDFDEF
16:22:21:464;17281;6740;7585;6406;DF;ADFBDFCDFDEF
16:22:21:474;17281;6740;7585;6406;DF;ADFBDFCDFDEF
16:22:21:484;17281;6740;7585;6406;DF;ADFBDFCDFDEF
16:22:21:494;17281;6740;7585;6406;DF;ADFBDFCDFDEF
16:22:21:504;17281;6740;7585;6406;DF;ADFBDFCDFDEF
16:22:21:514;17281;6740;7585;6406;DF;ADFBDFCDFDEF
16:22:21:524;17281;6740;7585;6406;DF;ADFBDFCDFDEF
16:22:21:534;17281;6740;7585;6406;DF;ADFBDFCDFDEF
16:22:21:544;17281;6740;7585;6406;DF;ADFBDFCDFDEF
16:22:21:554;17281;6740;7585;6406;DF;ADFBDFCDFDEF
16:22:21:564;17281;6740;7585;6406;DF;ADFBDFCDFDEF
16:22:21:574;17281;6740;7585;6406;DF;ADFBDFCDFDEF
16:22:21:584;17281;6740;7585;6406;DF;ADFBDFCDFDEF
16:22:21:594;17281;6740;7585;6406;DF;ADFBDFCDFDEF
16:22:21:604;17281;6740;7585;6406;DF;ADFBDFCDFDEF
16:22:21:614;17281;6740;7585;6406;DF;ADFBDFCDFDEF
16:22:21:634;17281;6740;7585;6406;DF;ADFBDFCDFDEF
16:22:21:624;17281;6740;7585;6406;DF;ADFBDFCDFDEF
16:22:21:644;17281;6740;7585;6406;DF;ADFBDFCDFDEF
16:22:21:654;17281;6740;7585;6406;DF;ADFBDFCDFDEF
16:22:21:664;17281;6740;7585;6406;DF;ADFBDFCDFDEF
16:22:21:674;17281;6740;7585;6406;DF;ADFBDFCDFDEF
16:22:21:684;17281;6740;7585;6406;DF;ADFBDFCDFDEF
16:22:21:694;17281;6740;7585;6406;DF;ADFBDFCDFDEF
16:22:21:704;17281;6740;7585;6406;DF;ADFBDFCDFDEF
16:22:21:714;17281;6740;7585;6406;DF;ADFBDFCDFDEF
16:22:21:724;17281;6740;7585;6406;DF;ADFBDFCDFDEF
16:22:21:734;17281;6740;7585;6406;DF;ADFBDFCDFDEF
16:22:21:753;17281;6740;7585;6406;DF;ADFBDFCDFDEF
16:22:21:754;17281;6740;7585;6406;DF;ADFBDFCDFDEF
16:22:21:764;17281;6740;7585;6406;DF;ADFBDFCDFDEF
